title,url,content
Ciri-ciri Keputihan Akibat Kanker Serviks yang Perlu Diwaspadai                ,https://health.detik.com/berita-detikhealth/d-7489717/ciri-ciri-keputihan-akibat-kanker-serviks-yang-perlu-diwaspadai,"Jakarta - Spesialis kandungan dan ginekologi dr Ivander R Utama, FMAS, SpOG menyebut keputihan bisa jadi salah satu gejala kanker serviks yang perlu diwaspadai. Penyakit ini menghantui perempuan di Indonesia dengan angka kematian tinggi.Kasus kanker serviks pada awalnya kerap tidak menimbulkan gejala pada stadium awal. Namun wanita bisa mengenalinya jika mengalami keputihan yang tidak normal.""Keputihan yang berbau tidak sedap atau berbau busuk disertai nyeri saat pipis, itu harus diperiksakan,"" kata dr Ivan dalam diskusi terkait kanker serviks, Selasa (13/8/2024).


ADVERTISEMENT
















SCROLL TO CONTINUE WITH CONTENT

Baca juga: Kenali 10 Penyebab Benjolan di Miss V Bagian Luar, dari Kista sampai HerpesPerempuan seringkali menyepelekan keputihan yang dialami sehingga rata-rata pasien kanker serviks datang berobat dalam kondisi stadium lanjut. Kebanyakan pasien kanker serviks berobat ke dokter sudah dalam stadium 3 atau 4 sehingga tak bisa lagi menjalani operasi.dr Ivan menambahkan setiap perempuan berisiko terkena kanker serviks, maka ia menyarankan untuk tidak ragu memeriksakan diri setidaknya setahun sekali terlebih bagi yang rutin berhubungan seksual, membiasakan hidup sehat serta setia pada satu pasangan. ""Jadi daripada pusing, periksa. Mau papsmerar, IVA, silakan dilakukan, untuk langkah pencegahan sekunder,"" tandas dia.Baca juga: Waspadai Ciri-ciri Perdarahan Vagina Akibat Kanker Serviks, Seperti Apa?











                Kemenkes: Kanker Leher Rahim di RI Nyaris 40 Ribu Kasus per Tahun            






















                            Kemenkes: Kanker Leher Rahim di RI Nyaris 40 Ribu Kasus per Tahun                        








(kna/kna)


kanker serviks gejala kanker serviks penyebab kanker serviks"
Bayi Kembar di Gaza Tewas Diserang Israel saat Ayahnya Ambil Akta Kelahiran                ,https://health.detik.com/berita-detikhealth/d-7489609/bayi-kembar-di-gaza-tewas-diserang-israel-saat-ayahnya-ambil-akta-kelahiran,"Jakarta - Kisah tragis lagi-lagi menimpa warga Gaza. Bayi kembar baru lahir tewas dalam serangan udara Israel di Gaza ketika ayah mereka berada di kantor pemerintah setempat untuk mendaftarkan kelahiran mereka.Asser, laki-laki, dan Ayssel, perempuan, baru berusia empat hari ketika ayah mereka, Mohammed Abu al-Qumsan pergi untuk mengambil akta kelahiran mereka.Saat dia pergi, tetangganya menelepon dan mengabarkan bahwa rumah mereka di Deir al Balah telah dibom. Serangan itu juga menewaskan istri dan nenek si kembar.


ADVERTISEMENT
















SCROLL TO CONTINUE WITH CONTENT

""Saya tidak tahu apa yang terjadi,"" katanya dikutip dari BBC.""Saya diberitahu bahwa itu adalah peluru yang menghantam rumah,"" ucapnya sambil menangis. Baca juga: Permintaan 'Panen' Sperma dari Jenazah Tentara Israel Naik, Buat Apa?Menurut kantor berita AP, keluarga tersebut mengikuti perintah untuk mengevakuasi Kota Gaza pada minggu-minggu awal perang Israel-Gaza, mencari perlindungan di bagian tengah jalur tersebut, sesuai instruksi tentara Israel.Israel mengatakan pihaknya berusaha menghindari tindakan yang merugikan warga sipil dan menyalahkan kematian mereka pada Hamas yang beroperasi di daerah pemukiman padat, termasuk menggunakan bangunan sipil sebagai tempat berlindung.Pada hari Sabtu, serangan udara Israel terhadap gedung sekolah yang menampung pengungsi Palestina di Kota Gaza menewaskan lebih dari 70 orang. Sejauh ini dilaporkan 39 ribu warga Palestina tewas akibat serangan Israel sejak Oktober 2023.Baca juga: Israel Akui Telantarkan Pria Down Syndrome yang Tewas Diserang Anjing Militer











                Gaza Masih Dihantui Risiko Tinggi Kelaparan            






















                            Gaza Masih Dihantui Risiko Tinggi Kelaparan                        








(kna/suc)


serangan israel ke gaza bayi baru lahir palestina gaza"
"Heboh Selebgram Cut Intan, KemenPPPA Dorong Korban KDRT Berani 'Speak Up'!                ",https://health.detik.com/berita-detikhealth/d-7489444/heboh-selebgram-cut-intan-kemenpppa-dorong-korban-kdrt-berani-speak-up,"Jakarta - Selebgram Cut Intan Nabila mengalami kekerasan dalam rumah tangga (KDRT) yang dilakukan oleh suaminya, Armor Toreador. Intan Nabila dipukul berkali-kali oleh suaminya.Dalam video CCTV yang dibagikan Cut Intan di Instagram, terlihat Armor Toreador melayangkan pukulan kepada Intan. Polres Bogor juga ikut menyelidiki kasus ini. Hingga akhirnya Armor Toreador ditangkap di sebuah hotel di kawasan Kemang, Jakarta Selatan.Menyoroti hal itu, Deputi Bidang Perlindungan Hak Perempuan Kementerian Pemberdayaan Perempuan dan Perlindungan Anak (KemenPPPA) Ratna Susianawati meminta para korban KDRT untuk berani bersuara dan melaporkan kasus kekerasan yang dialami tanpa takut terstigma oleh masyarakat.


ADVERTISEMENT
















SCROLL TO CONTINUE WITH CONTENT

Dirinya juga mengapresiasi keberanian Cut Intan Nabila yang angkat bicara terkait kasus kekerasan yang dialami oleh suaminya.""Kekerasan terhadap perempuan dan anak sebagai kelompok rentan tidak bisa kita toleransi lagi. Terlebih kekerasan tersebut terjadi di tempat yang seharusnya menjadi ruang paling aman dan dilakukan oleh orang terdekat korban,"" katanya, dikutip dari laman KemenPPPA, Rabu (14/8/2024). ""Korban harus berani bersuara agar hak-haknya terpenuhi dan pelaku mendapatkan hukuman tegas sesuai dengan peraturan perundang-undangan yang berlaku. Di sisi lain, kita sebagai masyarakat dan pemerintah juga harus memberikan dukungan dan pelayanan yang mengedepankan kepentingan korban,"" lanjutnya lagi.Menurut Ratna, pihaknya melalui Layanan Sahabat Perempuan dan Anak (SAPA) telah melakukan komunikasi dan sinergi lintas pihak dalam menangani kasus ini.Setelah pemberitaan kasus KDRT ini mencuat, tim SAPA langsung melakukan koordinasi dengan Unit Pelaksana Teknis Daerah Perlindungan Perempuan dan Anak (UPTD PPA) Kota Bogor dan Pusat Pelayanan Terpadu Perlindungan Perempuan dan Anak (P2TP2A) Kabupaten Bogor.Baca juga: Ramai Istilah 'Marriage is Scary' di Medsos, Nikah Beneran Seseram Itu?Lebih lanjut, Ratna menegaskan, pihaknya mendorong penegakan hukum yang berkeadilan dan berperspektif korban.""Informasi terakhir, Polres Bogor telah menangkap terduga pelaku di wilayah Jakarta Selatan. Proses hukum ini harus terus berjalan agar pelaku mendapatkan hukuman tegas guna mewujudkan keadilan bagi korban dan memberikan efek jera, tidak hanya kepada pelaku tapi juga kepada siapa pun yang terindikasi melakukan kekerasan,"" kata Ratna.Ratna juga mengajak masyarakat yang mendengar, melihat, mengetahui, atau mengalami kasus kekerasan kepada perempuan dan anak untuk berani melapor ke lembaga-lembaga yang telah diberikan mandat oleh Undang-Undang Nomor 12 Tahun 2022 tentang Tindak Pidana Kekerasan Seksual, seperti UPTD PPA, Penyedia Layanan Berbasis Masyarakat, dan Kepolisian untuk mencegah jatuhnya korban lebih banyak.""Masyarakat juga dapat melapor melalui hotline Sahabat Perempuan dan Anak (SAPA) 129 atau Whatsapp 08111-129-129,"" tutup Ratna.Baca juga: Viral Selebgram Jadi Korban KDRT, Jangan Sepelekan Dampaknya ke Korban











                Anak Cut Intan Trauma Gegara KDRT dari Armor Toreador            






















                            Anak Cut Intan Trauma Gegara KDRT dari Armor Toreador                        








(suc/up)


cut intan nabila kdrt cut intan nabila selebgram cut intan nabila suami cut intan nabila"
"Siasat Amel Carla Pangkas BB, Lebih Pilih Nasi Porang ketimbang Nasi Putih                ",https://health.detik.com/diet/d-7489260/siasat-amel-carla-pangkas-bb-lebih-pilih-nasi-porang-ketimbang-nasi-putih,"Jakarta - Amel Carla mengatakan pola makan dan gaya hidup sehat merupakan kunci utamanya untuk bisa menurunkan berat badan hingga 13 kg. Ia menceritakan bahwa program diet yang ia jalani dengan bantuan ahli gizi dimulai pertama kali pada tahun 2019.Selama menjalani diet, penurunan berat badan yang dialami oleh Amel tidak terjadi secara drastis. Ia mengatakan puncak penurunan paling banyak terjadi pada tahun 2020 sebanyak 7 kg. Amel mengaku saat itu dirinya memang juga sedang rutin berolahraga sepeda.""Aku memang bertahap dan step by step tapi diimbangin olahraga terus menerus, alhamdulillah jadi turun stabil,"" cerita Amel ketika ditemui awak media, Selasa (13/8/2024).


ADVERTISEMENT
















SCROLL TO CONTINUE WITH CONTENT

Selain melakukan pola makan yang sehat, Amel juga termasuk artis yang sering berolahraga. Selain bersepeda, ia rupanya juga senang menggeluti olahraga golf dan lari.Amel mengaku pada saat ini ia tengah gemar menjalani olahraga lari. Menurutnya berlari merupakan olahraga yang paling mudah dilakukan dan menyenangkan. Bahkan, belum lama ini ia juga berhasil finish ketika mengikuti event half marathon sejauh 21 km. Sebagai pelari rekreasional baru, Amel Carla mengaku bangga dengan pencapaian tersebut.Baca juga: Amel Carla Bikin Pangling usai Turun BB 13 Kg, Begini Metode Dietnya""Latihannya bener-bener kayak go show aja, bangung setengah enam pagi terus, terus ayo lari ke GBK gitu. Lama-lama jadi rutinitas, karena aku sepedaan dan golf juga. Biar nggak bosen jadi nyoba ganti-ganti olahraga gitu,"" sambungnya.Selama menjalani program penurunan berat badan, ia mengaku menu makan yang ia konsumsi tidak terlalu berubah. Tetapi, untuk saat ini ia memang sedang membatasi konsumsi nasi putih.Amel lebih memilih alternatif lain seperti nasi porang yang dikenal jauh lebih rendah kalorinya. Namun, ia mengatakan dalam beberapa kesempatan ia masih mengonsumsi sushi atau bahkan nasi goreng, sehingga tidak sepenuhnya pantang nasi putih.""Nggak susah sama sekali (metode dietnya), makanya salah satu hal yang paling penting itu mindset memang harus happy. Nggak boleh, 'Gue mau diet', eh malah stres,"" ceritanya.""Yang ada badannya malah nolak gitu untuk diet. Jadi harus, 'I do this for myself'. Untuk kesehatan untuk sendiri,"" tandas Amel.Baca juga: Awal Mula Amel Carla Hobi Olahraga Lari, Target Ikut Full Marathon Tahun Depan











                Dokter Tegaskan Sedot Lemak Bukan untuk Turunkan Berat Badan            






















                            Dokter Tegaskan Sedot Lemak Bukan untuk Turunkan Berat Badan                        








(avk/kna)


amel carla diet berat badan olahraga"
"Lagi Ramai KDRT, Psikolog Ungkap Tanda Pasangan 'Red Flag' yang Wajib Diwaspadai                ",https://health.detik.com/berita-detikhealth/d-7489150/lagi-ramai-kdrt-psikolog-ungkap-tanda-pasangan-red-flag-yang-wajib-diwaspadai,"Jakarta - 'Red flag' berarti bendera merah, yang juga dapat dimaknai sebagai tanda berhenti. Dalam suatu hubungan, istilah red flag digunakan untuk menggambarkan kumpulan sifat atau sikap pasangan yang tidak menyenangkan atau membahayakan.Namun, rasa cinta yang mendalam terhadap pasangan terkadang membuat seseorang tidak menyadari bahwa dirinya sedang terjebak dalam hubungan tidak sehat atau bahkan toksik.Psikolog klinis Veronica Adesla mengatakan salah satu ciri yang menjadi tanda pasangan memiliki sifat red flag adalah pemaksa.


ADVERTISEMENT
















SCROLL TO CONTINUE WITH CONTENT

Menurutnya setiap individu memang memiliki nilai, pikiran, hingga perasaan. Ketika seseorang memaksakan pikiran hingga perasaannya terhadap orang lain, ini bisa menjadi salah satu tanda red flag dari pasangan.""Dan memaksakan nilainya dia kepada kita bahwa kita harus berubah, itu aja sudah red flag. Nah itu yang menjadi indikator pertama dan awal untuk kita sadar nih orang apakah orang ini menghargai kita atau tidak, apakah orang ini bisa memandang kita sama berharganya dengan dia atau tidak,"" imbuhnya saat dihubungi detikcom, Rabu (14/8/2024). Baca juga: Viral Selebgram Jadi Korban KDRT, Jangan Sepelekan Dampaknya ke Korban""Kita nggak bisa memaksakan nilai kita kepada dia. Kalau memang itu tidak sesuai dengan nilai dia, kemudian punya pikirannya sendiri, punya perspektifnya sendiri juga, perlu kita hargai, kita nggak boleh memaksakan perspektif kita,"" imbuhnya lagi.Veronica mengatakan meski memiliki perspektif atau penilaian yang berbeda terhadap pasangan, seseorang tetap perlu menghargainya. Tak hanya itu, seseorang juga perlu berkompromi atau membicarakan hal-hal yang mungkin menjadi perbedaan terhadap pasangannya sehingga tak perlu memaksa.""Memaksakan kita untuk melakukan hal yang tidak kita mau lakukan itu sudah red flag banget gitu. Memaksakan kita untuk memakai baju yang kita nggak suka, memaksakan kita untuk pergi ke tempat yang kita nggak tau, nah itu adalah hal-hal yang demikian,"" katanya lagi.Baca juga: Ramai Istilah 'Marriage is Scary' di Medsos, Nikah Beneran Seseram Itu?











                Saya Gemini, So What?            






















                            Saya Gemini, So What?                        








(suc/up)


ciri-ciri pasangan red flag red flag tanda pasangan red flag"
Nasib Nahas Pria Inggris Tewas usai Angkat Barbel Seberat 45 Kg                ,https://health.detik.com/true-story/d-7489105/nasib-nahas-pria-inggris-tewas-usai-angkat-barbel-seberat-45-kg,"Jakarta - Seorang pria bernama David Duffy (58) di Inggris meninggal dunia ketika dirinya mencoba mengangkat barbel seberat 45 kg. David saat itu kehilangan keseimbangan dan kepalanya membentur tanah, hingga tak sadarkan diri.Dikutip dari Metro UK, David telah diperingatkan oleh temannya, Luther Childs untuk tidak mengangkat barbel tersebut. Hal ini karena Luther tau bahwa temannya tersebut sedang dalam pengaruh alkohol.Diketahui, David merupakan pecandu alkohol, dirinya dapat menghabiskan 20 kaleng sari buah apel dan sebotol wiski atau rum dalam sehari. Kebiasaan tidak sehat ini telah dilakukan David setidaknya 30 tahun terakhir.


ADVERTISEMENT
















SCROLL TO CONTINUE WITH CONTENT

Luther mengatakan saat itu David ingin buang air kecil, sehingga dirinya menyuruh David untuk pergi ke apartemennya. Dalam perjalanan menuju apartemen David menemukan ada barbel tersebut.Baca juga: Fakta-fakta 'Panti Jompo' Anak Muda di China Buat yang Lelah Kerja""Hari itu dia sedang berjalan ke arah saya dan mulai berbicara dengan saya. Saya bisa melihat dia sedang mabuk sambil berjalan terhuyung-huyung,"" ujar Luther. ""Dia melihat barbel dan memutuskan untuk mencoba melakukan deadlift. Saat dia mencoba mengangkatnya lengannya gemetar. Saya menyuruhnya untuk meninggalkannya karena dia tidak perlu membuktikan apa pun. Dia pingsan dengan barbel dan kepalanya membentur lantai,"" sambungnya.Setelah melihat temannya tak sadarkan diri, Luther lalu memindah David keluar dari apartemennya kemudian menghubungi 999. Setelah itu dia juga membantu David dengan melakukan cardiopulmonary resuscitation (CPR) sampai ambulans datang.David dibawa ke Rumah Sakit Derriford di Playmouth dan diberikan perawatan intensif. Namun, David dinyatakan meninggal seminggu kemudian.Salah satu petugas medis di Cornwall and the Isles of Scilly, Andrew Cox mengatakan David meninggal karena kekurangan oksigen ke otak akibat serangan jantung di luar rumah sakit. Belum diketahui apa penyebab dari serangan jantung tersebut.Baca juga: Inggris Dilanda Gelombang Panas, Ahli Wanti-wanti soal Fenomena 'Summer Penis'











                Kabar Terkini soal Kondisi Kesehatan Kate Middleton            






















                            Kabar Terkini soal Kondisi Kesehatan Kate Middleton                        








(dpy/kna)


inggris barbel meninggal alkohol mabuk"
KemenPPPA Apresiasi Keberanian Cut Intan Nabila Ungkap Kasus KDRT                ,https://health.detik.com/berita-detikhealth/d-7489013/kemenpppa-apresiasi-keberanian-cut-intan-nabila-ungkap-kasus-kdrt,"Jakarta - Kementerian Pemberdayaan Perempuan dan Perlindungan Anak mengecam keras segala bentuk kekerasan terhadap perempuan dan anak, terutama kekerasan dalam rumah tangga (KDRT). Deputi Bidang Perlindungan Hak Perempuan, Ratna Susianawati mengapresiasi langkah yang dilakukan selebgram Cut Intan Nabila dan meminta para korban untuk berani melaporkan kasus kekerasan yang dialaminya tanpa takut terstigma oleh masyarakat.""Kekerasan terhadap perempuan dan anak sebagai kelompok rentan tidak bisa kita toleransi lagi. Terlebih kekerasan tersebut terjadi di tempat yang seharusnya menjadi ruang paling aman dan dilakukan oleh orang terdekat korban,"" kata Ratna dalam keterangannya, Rabu (14/8/2024).Ratna menambahkan korban KDRT harus berani bersuara agar hak-haknya terpenuhi dan pelaku mendapatkan hukuman tegas sesuai dengan peraturan perundang-undangan yang berlaku. Di sisi lain, masyarakat dan pemerintah juga harus memberikan dukungan dan pelayanan yang mengedepankan kepentingan korban.


ADVERTISEMENT
















SCROLL TO CONTINUE WITH CONTENT

Baca juga: Ramai Istilah 'Marriage is Scary' di Medsos, Nikah Beneran Seseram Itu?Terkait kasus yang menimpa Intan Nabila, tim KemenPPPA langsung melakukan koordinasi dengan Unit Pelaksana Teknis Daerah Perlindungan Perempuan dan Anak (UPTD PPA) Kota Bogor dan Pusat Pelayanan Terpadu Perlindungan Perempuan dan Anak (P2TP2A) Kabupaten Bogor.""KemenPPPA mengapresiasi seluruh pihak yang bergerak cepat dalam upaya terhubung dan memberikan pelayanan kepada korban. P2TP2A Kabupaten Bogor juga akan melakukan penjangkauan dan pendampingan psikologis bagi korban dan anak-anaknya,"" tutur Ratna. Lebih lanjut, Ratna menegaskan, pihaknya mendorong penegakan hukum yang berkeadilan dan berperspektif korban. Proses hukum ini harus terus berjalan agar pelaku mendapatkan hukuman tegas guna mewujudkan keadilan bagi korban dan memberikan efek jera.""Tidak hanya kepada pelaku tapi juga kepada siapa pun yang terindikasi melakukan kekerasan,"" tandas dia.Catatan: Laporkan tindak KDRT pada anak dan perempuan di Hotline Komnas Perempuan dengan menelepon ke nomor 129 atau nomor WhatsApp layanan pengaduan SAPA 129 di 08111129129.Baca juga: Viral Selebgram Jadi Korban KDRT, Jangan Sepelekan Dampaknya ke KorbanSimak Video 'Motif Armor Lakukan KDRT ke Cut Intan Nabila: Ketahuan Nonton Video Porno': [Gambas:Video 20detik]
(kna/kna)


kdrt kemenpppa kasus kdrt cut intan nabila dampak kdrt"
"Ilmuwan Prediksi Makin Banyak Pria Bakal Kena Kanker, Ini Biang Keroknya                ",https://health.detik.com/berita-detikhealth/d-7488882/ilmuwan-prediksi-makin-banyak-pria-bakal-kena-kanker-ini-biang-keroknya,"Jakarta - Kasus kematian akibat kanker pada pria diprediksi akan meningkat pada tahun 2050. Melalui penelitian yang diterbitkan dalam jurnal Cancer, penyebab melonjaknya angka kematian ini dipicu gaya hidup yang tidak sehat.Dikutip dari CNN, para peneliti dari Australia menganalisis kasus dan kematian akibat 30 jenis kanker di 185 negara dan wilayah pada 2022 untuk membuat proyeksi pada 2050.Studi tersebut menemukan fakta bahwa kasus kanker di kalangan pria meningkat dari 10,3 juta pada 2022 menjadi 19 juta pada 2050 atau meningkat sebesar 84 persen. Sementara kematian akibat kanker diproyeksikan meningkat dari 5,4 juta pada 2022 menjadi 10,5 juta pada 2050 atau meningkat 93 persen.


ADVERTISEMENT
















SCROLL TO CONTINUE WITH CONTENT

Jumlah angka kematian pada kalangan pria berusia 65 tahun ke atas diprediksi akan meningkat sebesar 11 persen. Negara-negara dengan angka harapan hidup rendah juga diprediksi akan mengalami peningkatan kematian akibat kanker pada pria yang lebih besar.""Antara tahun 2022 dan 2050, di Afrika dan Mediterania Timur, jumlah kasus dan kematian diperkirakan meningkat 2,5 kali lipat. Sebaliknya, Eropa diproyeksikan mengalami peningkatan sekitar setengahnya,"" tulis para peneliti dikutip dari CNN. Baca juga: Pakar Soroti Usia Pasien Kanker Makin Muda, Kebanyakan Dipicu Hal Sepele IniApa Penyebabnya?Laki-laki diketahui memiliki risiko yang lebih besar dari perempuan pada kasus kematian akibat kanker. Hal ini karena pria cenderung melakukan gaya hidup yang kurang sehat seperti merokok, minum alkohol, banyak terpapar karsinogen di tempat kerja. Para pria juga cenderung tidak rutin mengakses program kesehatan.Sama seperti pada tahun 2022, kanker paru-paru diproyeksikan menjadi penyebab utama kanker dan kematian akibat kanker pada pria pada tahun 2050. Kanker dengan proyeksi peningkatan tertinggi pada pria pada tahun 2050 adalah mesothelioma untuk kasus dan kanker prostat untuk kematian.Para peneliti berharap adanya peningkatan infrastruktur kesehatan yang lebih kuat untuk mempersiapkan peningkatan kasus kanker pada 2050.Baca juga: Fakta-fakta 'Panti Jompo' Anak Muda di China Buat yang Lelah Kerja











                Kenali Risiko Kanker Penis pada Pria Dewasa            






















                            Kenali Risiko Kanker Penis pada Pria Dewasa                        








(dpy/kna)


kanker pria penyebab kanker"
"Ramai Istilah 'Marriage is Scary' di Medsos, Nikah Beneran Seseram Itu?                ",https://health.detik.com/berita-detikhealth/d-7488850/ramai-istilah-marriage-is-scary-di-medsos-nikah-beneran-seseram-itu,"Jakarta - Fenomena 'marriage is scary' atau pernikahan yang menakutkan belakangan ramai dibahas di media sosial. Tren ini dimulai dari banyaknya video yang menunjukkan bayangan betapa menakutkannya pernikahan bagi seorang perempuan.Terlebih, baru-baru ini beredar viral video kekerasan dalam rumah tangga (KDRT) yang diduga dialami oleh Selebgram Cut Intan Nabila. Tak sedikit netizen yang mengomentari video tersebut dengan istilah 'marriage is scary'.Psikolog klinis Veronica Adesla mengatakan istilah tersebut muncul dari kejadian-kejadian pernikahan yang membuat seseorang merasa ketakutan untuk menikah.


ADVERTISEMENT
















SCROLL TO CONTINUE WITH CONTENT

Menurutnya, istilah ini merupakan kesimpulan yang ditarik oleh seseorang saat melihat kejadian pernikahan yang tak menyenangkan.Baca juga: Fakta-fakta 'Panti Jompo' Anak Muda di China Buat yang Lelah Kerja""Yang tadinya menikah itu pasti semua orang pengennya bahagia gitu, tapi ternyata cukup banyak juga yang mereka lihat. 'Oh menikah itu malah menjadi hal yang membuat menyengsarakan, membuat menderita, membuat malah ya terjadi kekerasan' seperti ini kan,"" imbuhnya saat dihubungi detikcom, Rabu (14/8/2024). ""Nah ini yang kemudian memungkinkan muncul istilah tersebut gitu, bahwa ternyata menikah itu tidak membuat bahagia loh gitu. Malah menikah itu membuat kita menjadi lebih buruk dan lebih sengsara dari sebelumnya gitu,"" katanya lagi.Imbas video pernikahan yang tak menyenangkan, tak sedikit wanita yang mungkin takut untuk menikah. Karenanya, kata Veronica, sebelum menikah penting untuk mengenali pasangan. Jangan sampai setelah menikah, yang tadinya untuk mencari kebahagiaan, malah berubah menjadi kesengsaraan.""Lebih baik kita melakukan seleksi lah ya. Mengenai pasangan kita orangnya seperti apa? Karakternya seperti apa? Kalau dia marah seperti apa? Riwayat hidupnya mungkin seperti apa? Gimana dia di mata keluarga?"" katanya lagi.""Gimana dia di mata teman-teman? Kemudian bagaimana perspektif dia tentang hidup? Apa yang dia cita-citakan dalam hidup? Apa yang dia lihat mengenai pernikahan gitu? Apa yang dia bayangkan mengenai pernikahan? Dan bagaimana dia melihat pasangan?"" lanjutnya lagi.Baca juga: Viral Selebgram Jadi Korban KDRT, Jangan Sepelekan Dampaknya ke Korban











                Catat! Ini Cara Mencegah Kulit Kering            






















                            Catat! Ini Cara Mencegah Kulit Kering                        








(suc/kna)


marriage is scary apa arti marriage is scary tren marriage is scary"
"Amel Carla Bikin Pangling usai Turun BB 13 Kg, Begini Metode Dietnya                ",https://health.detik.com/diet/d-7488808/amel-carla-bikin-pangling-usai-turun-bb-13-kg-begini-metode-dietnya,"Jakarta - Mantan artis cilik Amel Carla buka-bukaan soal perjalanan dietnya hingga berhasil menurunkan berat badan hingga 13 kg. Semenjak saat itu, tubuh Amel nampak jauh lebih langsing dan pipinya terlihat tirus.Sebenarnya apa sih rahasia Amel berhasil menurunkan berat badan hingga 13 kg dan mempertahankannya hingga sekarang? Amel menceritakan dirinya mulai menjalani program penurunan berat badan sejak tahun 2019.Ahli diet tersebut yang membentuk program meliputi jenis makanan dan porsi yang perlu dipenuhi untuk mendapatkan berat badan ideal.


ADVERTISEMENT
















SCROLL TO CONTINUE WITH CONTENT

Amel mengatakan penurunan berat badannya bersama ahli diet tidak terjadi secara drastis. Namun, menurutnya hal itu akan menjadi lebih sehat dan membuat berat badan lebih mudah untuk dipertahankan.""Aku memang bertahap dan step by step tapi diimbangin olahraga terus menerus, alhamdulillah jadi turun stabil,"" cerita Amel ketika ditemui awak media, Selasa (13/8/2024). ""Puncak turunnya itu akhirnya di tahun 2020, itu pas lagi rajin banget sepedaan karena kardio. Yang biasanya santai-santai aja, terus tiba-tiba kardio kan badan juga jadi kaget. Jadi turun ada 7 kg itu selama 2020,"" sambungnya.Baca juga: Awal Mula Amel Carla Hobi Olahraga Lari, Target Ikut Full Marathon Tahun DepanAmel mengaku pada saat ini sedang membatasi asupan nasi putih, namun tidak secara penuh. Ia terkadang masih mengonsumsi makanan-makanan seperti sushi atau bahkan nasi goreng jika sedang ingin mencobanya.Untuk konsumsi nasi putih secara pribadi ia mengaku saat ini lebih sering menggantinya dengan nasi porang yang memang dikenal memiliki kandungan kalori yang jauh lebih rendah. Meskipun begitu, ia mengaku terkadang masih mengonsumsi jeroan.""Kalau model jeroan gitu aku masih makan kok, makanya kita olahraganya banyak biar makannya juga banyak,"" katanya.""Aku nggak mengurangi yang biasanya aku makan tapi lebih ke menjaga aja dan lebih mikirin 4 sehat 5 sempurna gitu jadi. Jadi harus ada fibernya, ada sayurnya, ada karbohidratnya, dan harus protein juga banyak. Itu semua harus seimbang,"" tandas Amel.Baca juga: 'Skip' Sarapan Bisa Bikin BB Cepat Turun? Nggak Juga, Ini Faktanya











                Bolehkah Penderita Mag dan Diabetes Diet Intermittent Fasting?            






















                            Bolehkah Penderita Mag dan Diabetes Diet Intermittent Fasting?                        








(avk/kna)


diet amel carla amel carla diet amel carla kurus"
"Ngerinya Krisis Populasi Jepang, Popok Dewasa Lebih Laku daripada Popok Bayi                ",https://health.detik.com/berita-detikhealth/d-7488761/ngerinya-krisis-populasi-jepang-popok-dewasa-lebih-laku-daripada-popok-bayi,"Jakarta - Sebuah perusahaan pembuat popok di Jepang akan memproduksi popok secara eksklusif untuk orang lanjut usia di tengah penurunan tajam permintaan popok bayi, yang merupakan sebuah pengingat buruk akan penurunan populasi di Negeri Sakura itu.Seiring bertambahnya usia penduduk Jepang, beberapa perusahaan mencurahkan lebih banyak sumber daya ke pasar baru yang sedang berkembang. Dikatakan bahwa pendapatan dari penjualan popok dewasa sudah dua kali lipat pendapatan yang diperuntukkan bagi bayi.Diberitakan The Japan Times, dengan angka kelahiran yang turun ke rekor terendah pada tahun lalu, populasi Jepang kemungkinan akan menurun sekitar 30 persen menjadi 87 juta pada tahun 2070, dengan empat orang dari setiap 10 orang berusia 65 tahun atau lebih.


ADVERTISEMENT
















SCROLL TO CONTINUE WITH CONTENT

Menurut firma riset swasta Intage, pasar perawatan inkontinensia urine atau popok dewasa tumbuh dari Â¥78,3 miliar pada tahun 2019 menjadi Â¥98 miliar pada tahun 2023, dan diperkirakan akan melampaui Â¥100 miliar pada akhir tahun 2024.Baca juga: Viral Selebgram Jadi Korban KDRT, Jangan Sepelekan Dampaknya ke KorbanPada bulan April, raksasa kosmetik Kao memperbarui lini popok dewasa Relief, memperkenalkan produk model celana baru yang mudah dipakai yang dirancang untuk mencegah selip dan memberikan cengkeraman yang lebih baik. Unicharm, pemimpin pasar dalam perawatan inkontinensia di Jepang, secara aktif memperluas jajaran produknya. Banyak orang mulai mengalami kebocoran urine pada usia 50-an, dan juru bicara perusahaan menunjukkan bahwa kasus inkontinensia ringan sedang meningkat.Pada tahun 2011, Unicharm mengatakan penjualan popok dewasa telah melampaui penjualan popok bayi.Terkait penurunan populasi, peningkatan pengeluaran untuk program terkait anak dan subsidi yang menyasar pasangan muda atau orang tua tampaknya tidak meningkatkan angka kelahiran. Para ahli mengatakan alasannya rumit, mulai dari rendahnya angka pernikahan dan semakin banyaknya perempuan yang memasuki dunia kerja, hingga meningkatnya biaya membesarkan anak.""Jepang berada di ambang apakah kita dapat terus berfungsi sebagai masyarakat,"" kata Perdana Menteri Fumio Kishida tahun lalu.Baca juga: Fakta-fakta 'Panti Jompo' Anak Muda di China Buat yang Lelah Kerja











                Warganya Ogah Nikah, Populasi Jepang Alami Penurunan 15 Tahun Berturut-Turut            






















                            Warganya Ogah Nikah, Populasi Jepang Alami Penurunan 15 Tahun Berturut-Turut                        








(kna/kna)


jepang krisis populasi popok dewasa krisis populasi jepang"
Fakta-fakta 'Panti Jompo' Anak Muda di China Buat yang Lelah Kerja                ,https://health.detik.com/berita-detikhealth/d-7488738/fakta-fakta-panti-jompo-anak-muda-di-china-buat-yang-lelah-kerja,"Jakarta -
        
        Tren panti jompo khusus anak muda menjadi viral akhir-akhir ini di China. Menjamurnya panti jompo ini diakibatkan banyak anak muda yang sudah bosan kerja dan ingin merasakan pensiun.Analis berpendapat munculnya banyak panti jompo khusus anak muda ini dikarenakan ekonomi China yang lesu. Hal ini berimbas pada pasar kerja yang lebih kompetitif hingga harga kebutuhan sehari-hari yang meningkat.Bosan dengan Hiruk Pikuk KotaXiaofei (28) yang bekerja sebagai pekerja digital lepas memilih untuk tinggal di panti jompo tersebut karena bosan dengan hiruk pikuk kota dan segala lingkungan kompetitifnya.


ADVERTISEMENT
















SCROLL TO CONTINUE WITH CONTENT

Sebelumnya, dirinya tinggal di Guanye Youth Retirement di Hebei yang juga menjadi tempat tinggal banyak anak muda pekerja yang mengalami kelelahan.""Saya bosan dengan lingkungan kompetitif di kota. Setelah merasakan tinggal di Guanye, saya merasa cukup nyaman, dan rasanya seperti kembali ke kampung halaman,"" ceritanya dikutip dari CNA, Selasa (13/8/2024). Dirinya mengatakan lingkungan di panti jompo tersebut membuatnya senang. Nuansa pedesaan dan ketenangan yang ditawarkan menjadi hal yang setiap hari ia nikmati.""Lingkungannya juga membuat saya terkesan. Ada gunung dan sungai, dengan nuansa pedesaan yang kental, dan saya sangat menikmati alam,"" sambungnya.Baca juga: Viral Selebgram Jadi Korban KDRT, Jangan Sepelekan Dampaknya ke KorbanEkonomi yang 'Lesu' Menjadi PenyebabnyaPendiri lembaga Young China Group Zak Dychtwald mengatakan munculnya rumah pensiun atau panti jompo khusus anak muda ini karena ekonomi negara yang lesu dan persaingan ketat di pasar kerja. Hal ini membuat banyak anak muda mulai memilih jalan hidup yang baru.""Kita memiliki generasi muda yang mengintegrasikan realitas ekonomi baru ke dalam pandangan mereka,"" ucap Zac.Berapa Harga Sewanya?Untuk bisa tinggal di fasilitas tersebut, anak-anak muda harus membayar sekitar 138 yuan (Rp 307 ribu) per hari atau 3.599 yuan (Rp 7,9 juta) per bulan. Mayoritas penyewa fasilitas itu berusia antara 20-40 tahun, termasuk pekerja lepas, profesional yang mengalami stagnasi karier, hingga orang yang sekadar penasaran.Menurut pimpinan dari fasilitas 'panti jompo' untuk anak muda tersebut, fasilitas yang mereka sediakan bertujuan untuk menunjukkan pencarian kedamaian batin dan gaya hidup tenang. Terlebih, kehidupan pelanggan fasilitas tersebut biasanya penuh dengan tekanan.Sebagian 'panti jompo' anak muda di China tidak menerima pelanggan untuk orang yang berusia lebih dari 45 tahun.Siapa saja yang boleh daftar?Baca juga: Ternyata Konsumsi Makanan Ini Bisa Bikin Panjang Umur hingga 100 Tahun



Halaman

                    1                

                    2                


                Selanjutnya 





panti jompo china anak muda"
"Viral Selebgram Jadi Korban KDRT, Jangan Sepelekan Dampaknya ke Korban                ",https://health.detik.com/berita-detikhealth/d-7488710/viral-selebgram-jadi-korban-kdrt-jangan-sepelekan-dampaknya-ke-korban,"Jakarta - Viral seorang selebgram mengalami kekerasan dalam rumah tangga (KDRT) yang dilakukan oleh suaminya. Dalam unggahan video yang viral, pelaku menganiaya korban setelah terjadi cekcok antara keduanya.Kasus KDRT bukan hanya satu dua kali terjadi. Catatan Komnas Perempuan di tahun 2023, setidaknya ada 339 ribu kasus kekerasan berbasis gender dengan 99 persen di antaranya terjadi di ranah domestik.KDRT atau domestic violence merupakan kekerasan berbasis gender yang terjadi di ranah personal. Kekerasan ini banyak terjadi dalam hubungan relasi personal, dengan pelaku adalah orang yang dikenal baik dan dekat oleh korban, misalnya tindak kekerasan yang dilakukan suami terhadap istri, ayah terhadap anak, paman terhadap keponakan, kakek terhadap cucu.


ADVERTISEMENT
















SCROLL TO CONTINUE WITH CONTENT

Penelitian awal WHO menyebutkan bahwa 1 dari 3 perempuan di seluruh dunia pernah menjadi korban kekerasan fisik dan atau kekerasan seksual atas gendernya selama hidupnya, dan rata-rata mereka menjadi korban kekerasan dari orang terdekatnya.Baca juga: Dampak Revenge Porn Seperti Dialami Anak Musisi, Bisa Sefatal IniDalam sebuah penelitian berjudul A Systematic Review of Risk Factors for Intimate Partner Violence. Partner Abuse, secara umum wanita dengan riwayat KDRT mengalami kualitas hidup yang lebih rendah karena adanya gangguan fisik, hambatan hubungan sosial dengan orang lain serta gangguan psikologis jika dibandingkan wanita yang tidak mengalami KDRT. Secara psikologis, wanita dengan riwayat KDRT akan mengalami gangguan cemas dan depresi. Nilai beta endorphin dan ACTH pada wanita yang babak belur menunjukkan hubungan linier yang signifikan. Korban merasa diri tidak berharga, tidak ada harapan, tidak termotivasi dan tidak mempercayai orang lain.Akibat adanya gangguan psikologis yang terjadi dapat menyebabkan risiko bunuh diri dan peningkatan konsumsi alkohol dan obat-obatan terlarang.Kekerasan dalam rumah tangga secara jelas dapat menimbulkan dampak dan kerugian yang besar. Dampak KDRT pada korban dapat bervariasi dari ringan hingga berat yang kecacatan atau kematian. Korban KDRT dapat kehilangan berbagai kesempatan dalam hidup seperti kehilangan melanjutkan pendidikan atau mendapat penghidupan yang layak.Baca juga: Suhu Dingin 'Bediding' Landa RI Lagi, BMKG Ungkap Pemicunya











                Mengenal 4 Jenis KDRT dan Sanksinya            






















                            Mengenal 4 Jenis KDRT dan Sanksinya                        








(kna/kna)


kdrt selebgram dampak kdrt"
"'Skip' Sarapan Bisa Bikin BB Cepat Turun? Nggak Juga, Ini Faktanya                ",https://health.detik.com/diet/d-7488673/skip-sarapan-bisa-bikin-bb-cepat-turun-nggak-juga-ini-faktanya,"Jakarta - Sarapan sering disebut waktu makan paling penting dalam sehari. Pasalnya, sarapan memberikan nutrisi dan energi yang dibutuhkan tubuh untuk mulai beraktivitas.Kendati demikian, sebagian orang beranggapan 'skip' sarapan dapat membantu menurunkan berat badan. Apakah benar demikian?Menurut studi yang dipublikasikan di jurnal Nutrients pada 2022, melewatkan sarapan dapat menyebabkan resistensi insulin dan kenaikan berat badan. Orang yang sering melewatkan sarapan juga memiliki risiko lebih tinggi mengalami obesitas, hipertensi, diabetes, dan gangguan kesehatan lainnya.


ADVERTISEMENT
















SCROLL TO CONTINUE WITH CONTENT

Sebaliknya, orang yang sarapan secara teratur justru lebih memiliki peluang menurunkan berat badannya. Pakar nutrisi Melissa Mitri, MS, RD mengatakan orang yang rajin sarapan cenderung memiliki pola makan dan gaya hidup yang lebih sehat.""Ketika klien saya memprioritaskan sarapan, itu membantu mereka dalam mengurangi asupan kalori di waktu berikutnya,"" ujarnya dikutip dari Eating Well, Selasa (13/8/2024). Baca juga: Apakah Minum Kopi Sebelum Sarapan Aman untuk Kesehatan? Ini Penjelasan PakarApa yang Terjadi pada Tubuh Jika Tidak Sarapan?Seperti yang disebutkan sebelumnya, melewatkan sarapan bisa menimbulkan banyak efek buruk bagi tubuh, baik jangka pendek maupun jangka panjang. Adapun sejumlah hal yang dapat terjadi pada tubuh jika sering 'skip' sarapan, di antaranya:Tubuh kekurangan energiKeseimbangan hormon tergangguMoody atau perubahan suasana hati yang tak menentuMudah cemasNafsu makan meningkat saat makan siang atau makan malam, sehingga meningkatkan jumlah kalori yang masuk ke tubuhRisiko penyakit jantung meningkatMetabolisme tubuh menurunBaca juga: Ternyata Konsumsi Makanan Ini Bisa Bikin Panjang Umur hingga 100 Tahun











                Ini 6 Menu Sarapan yang Bikin Kenyang, Cocok Buat Diet            






















                            Ini 6 Menu Sarapan yang Bikin Kenyang, Cocok Buat Diet                        








(ath/naf)


sarapan makan pagi diet berat badan"
"Awal Mula Amel Carla Hobi Olahraga Lari, Target Ikut Full Marathon Tahun Depan                ",https://health.detik.com/kebugaran/d-7488670/awal-mula-amel-carla-hobi-olahraga-lari-target-ikut-full-marathon-tahun-depan,"Jakarta - Artis cantik Amel Carla buka-bukaan soal keinginannya mengikuti full marathon 42K. Ia mengatakan bahwa saat ini dirinya memang tengah menggandrungi olahraga lari. Menurutnya berlari merupakan salah satu olahraga yang paling sederhana dan mudah untuk dilakukan.Amel menceritakan bahwa kesenangannya berolahraga lari berawal dari 2021. Ketika sedang berada di luar negeri, ia membeli sepasang sepatu lari yang menurutnya harganya cukup mahal.""Jadi memang lari awalnya lari karena terpaksa, terlanjur beli sepatu yang kalcer dan mahal ya. Pas pulang ke Jakarta, 'Oke aku akan mencoba lari',"" ucap Amel sambil bercanda ketika berbincang dengan awak media, Selasa (13/8/2024).


ADVERTISEMENT
















SCROLL TO CONTINUE WITH CONTENT

Semenjak saat itu, ia mulai rutin berlari setiap hari. Ia mengatakan pertama kali lari, jarak yang ia tempuh 'hanya' sejauh 1,7 km. Meskipun jarak tersebut termasuk dekat, ia mengaku bangga dengan pencapaian tersebut.Tak hanya sampai di situ, ia terus melatih kemampuannya berlari. Capaian jaraknya terus bertambah hingga ia akhirnya bisa menyelesaikan lari sejauh 10 km setelah sebulan terus berlatih. ""Selama itu (latihan) aku ngerasain, 'Oh ternyata' lari itu olahraga paling enak, paling gampang, dan praktis menurutku. Kita bisa bangun, pasang sepatu, langsung lari, udah. Jadi memang aku menemukan kesenangan dalam lari sih,"" ceritanya.Baca juga: Tips dari Amel Carla Agar Bisa Rajin OlahragaSetelah 3 tahun berproses, belum lama ini Amel mengikuti event half marathon sejauh 21 km di Bandung. Melihat perkembangannya sejauh ini, ia mengaku sangat bangga dengan pencapaian tersebut.Menurutnya, itu menjadi sebuah hasil dari konsistensinya berlatih selama ini.""Aku ngerasain juga, sudah mulai sering lari juga, sekalian saja targetin selesain half marathon. Kemarin akhirnya bisa tuh selesaiin walaupun yah catatan waktunya agak lama sedikit, tapi menurut aku itu sudah menjadi pencapaian yang luar biasa sih,"" katanya.Tak mau berpuas diri, Amel mengaku dirinya ingin sekali mengikuti event World Major Marathon dengan jarak 42 km. Namun, saat ini ia tengah berfokus menjalani menu latihan interval demi mengejar catatan waktu lari yang lebih baik.Dalam waktu dekat ini, ia akan mengikuti event lari 5K dan ingin mencatatkan Personal Best (PB) atau catatan waktu terbaik.""Ada banget target untuk ikut full marathon. Aku pengen banget mencoba World Major Marathon (WMM), pengen coba sih. Mungkin tahun depan kali ya aku masuk coba daftar,"" tandasnya.Baca juga: Jaga Performa Tubuh, 6 Jenis Latihan Ini Bantu Recovery Pasca Marathon











                Mitos atau Fakta: Olahraga Pakai Jaket Sauna Bikin Cepat Kurus            






















                            Mitos atau Fakta: Olahraga Pakai Jaket Sauna Bikin Cepat Kurus                        








(avk/naf)


amel carla lari amel marathon full marathon"
"Pria Merapat, Ini 6 Tips Biar Gaspol dan Tahan Lama saat Bercinta                ",https://health.detik.com/sexual-health/d-7488089/pria-merapat-ini-6-tips-biar-gaspol-dan-tahan-lama-saat-bercinta,"Daftar Isi




							1. Pentingnya Foreplay						



							2. Lakukan Teknik Start-Stop						



							3. Mencoba Hal Baru						



							4. Perhatikan Pola Makan						



							5. Kelola Stres						



							6. Tidur Nyenyak						






Jakarta - Ejakulasi yang terlalu cepat pada pria tentu akan merusak suasana ketika bercinta, sehingga memiliki stamina yang prima merupakan suatu keharusan agar bisa tahan lama ketika di ranjang.Para pria tentu akan merasa seks menjadi lebih intim jika mampu bertahan lebih lama saat berhubungan seks. Mereka mungkin akan mencoba berbagai posisi agar lebih tahan lama di ranjang.Selain penentuan posisi seks yang tepat, tahan lama ketika bercinta bisa didapatkan dari berbagai cara lain. Dikutip dari Health Shots berikut adalah sederet tips yang bisa dilakukan untuk meningkatkan stamina seks.


ADVERTISEMENT
















SCROLL TO CONTINUE WITH CONTENT

1. Pentingnya ForeplayPemanasan atau foreplay sebelum berhubungan seks ternyata bisa membantu para pria yang memiliki masalah stamina atau disfungsi ereksi. Foreplay yang tepat dapat memuaskan istri ketika sesi bercinta.Foreplay meliputi sentuhan, ciuman, dan seks oral. Memperpanjang sesi foreplay akan meningkatkan pengalaman seksual bagi wanita seperti mendapatkan orgasme. 2. Lakukan Teknik Start-StopPria yang ingin bertahan lebih lama di atas ranjang mungkin bisa mempertimbangkan teknik start-stop saat bercinta. Teknik ini bisa dilakukan dengan cara berhenti sejenak ketika merasa ejakulasi sudah dekat.Setelah itu tarik napas dalam-dalam sampai tubuh terasa tenang. Kemudian bisa dilanjutkan lagi dengan penetrasi. Teknik ini membantu tubuh untuk menyesuaikan cara menahan ejakulasi.Baca juga: 5 Khasiat Jahe untuk Dongkrak Performa Seks Pasutri di Ranjang3. Mencoba Hal BaruKenikmatan seksual terasa lebih didorong dalam lingkungan yang penuh dengan kegembiraan dan gairah. Pria bisa mencoba hal-hal baru untuk mendapatkan hal ini.Hal baru tersebut bisa meliputi aktivitas atau posisi seksual dan lokasi bercinta yang berbeda agar lebih menarik. Selain itu, komunikasi terkait fantasi seksual juga bisa dilakukan bersama pasangan.4. Perhatikan Pola MakanPola makan yang tidak teratur dan tepat dapat menurunkan performa pria ketika bercinta. Mulailah untuk mengonsumsi sayuran hijau, kacang-kacangan, kurma untuk agar bisa meningkatkan stamina.Selain itu, makanan kaya omega, ika, dan produk susu bisa berdampak baik bagi kinerja seksual. Beberapa makanan afrodisiak seperti tiram, coklat hitam, dan semangka dianggap dapat membantu meningkatkan libido.5. Kelola StresTingkat stres yang tinggi dapat merusak libido dan membuat ereksi menjadi sulit. Selain itu, orang yang cemas mungkin merasa terganggu dari keintiman seksual.Kecemasan terhadap kinerja dapat membuat seks menjadi kurang menggairahkan dan memikat. Manjakan diri dengan teknik pengurangan stres seperti meditasi atau yoga dapat membantu meningkatkan stamina saat bercinta.6. Tidur NyenyakKurang tidur juga dapat mengganggu kinerja seksual seseorang. Tidak bisa tidur dengan nyenyak selama beberapa malam akan berdampak negatif pada gairah seks.Usahakan untuk mendapatkan tidur yang cukup. Setidaknya tujuh sampai sembilan jam per malam agar stamina seks meningkat.Baca juga: Ini Penyebab Gula Darah 'Anjlok' Setelah Bercinta dan Cara Mengatasinya











                Cara Tepat Berikan Pendidikan Seksual untuk Anak            






















                            Cara Tepat Berikan Pendidikan Seksual untuk Anak                        








(dpy/naf)


seks stamina seks tahan lama bercinta"
"Gaduh Pasien BPJS Tak Dirawat di IGD karena Kista, Dokter Soroti Hal Ini                ",https://health.detik.com/berita-detikhealth/d-7488310/gaduh-pasien-bpjs-tak-dirawat-di-igd-karena-kista-dokter-soroti-hal-ini,"Jakarta - Buntut cekcok dokter dan pendamping pasien BPJS Kesehatan viral di media sosial, muncul usulan perlunya petugas di luar tenaga medis yang tersedia selama 24 jam untuk menjelaskan regulasi jaminan kesehatan nasional (JKN). Pasalnya, ini bukan kali pertama masyarakat mengeluhkan pelayanan yang dipicu kesalahpahaman.Seperti yang terjadi di kasus viral, pendamping pasien dinilai tidak mengetahui regulasi kebutuhan surat rujukan untuk mengakses pelayanan di rumah sakit. Terlebih, kasus tersebut tidak termasuk indikasi kegawatdaruratan medis yang bisa langsung ditangani.Praktisi kesehatan dr Andi Khomeini Takdir mengusulkan petugas khusus yang bisa menjelaskan pembiayaan BPJS di setiap RS.


ADVERTISEMENT
















SCROLL TO CONTINUE WITH CONTENT

""Petugas BPJS Kesehatan harusnya ada yang stay 24/7 di RS menjelaskan kebijakan pembiayaan kepada pasien,"" beber dr Andi dalam akun X pribadinya, dikutip detikcom atas izin yang bersangkutan, Selasa (13/8/2024).""Menjelaskan kebijakan BPJS bukan tupoksi tenaga medis dan teenaga kesehatan, Tenaga medis dan tenaga kesehatan tugas utamanya adalah memikirkan dan melayani kebutuhan medis pasien,"" sambung dia. Respons BPJS KesehatanKepala Humas BPJS Kesehatan Rizzky Anugerah menjelaskan dalam setiap penentuan pelayanan, diperlukan anamnesis atau pemeriksaan awal pasien untuk memastikan yang bersangkutan termasuk kondisi darurat atau tidak.""Sementara, petugas BPJS Kesehatan yang bertugas di RS tidak memiliki kompetensi maupun kewenangan untuk menetapkan pasien JKN mengalami kondisi gawat darurat atau tidak. Apabila pasien JKN mengalami kendala atau memerlukan informasi lebih lanjut, maka dapat menyampaikannya kepada BPJS Kesehatan Siap Membantu (BPJS SATU) di rumah sakit,"" pesan Rizzky saat dihubungi detikcom Selasa (13/8/2024).Foto dan nomor kontak BPJS SATU umumnya sudah tercantum di setiap RS. Peserta JKN juga bisa menyampaikan keluhan melalui beberapa media berikut:Whatsapp (PANDAWA) di nomor 08118165165Aplikasi Mobile JKNBPJS Kesehatan Care Center 165.Baca juga: BPJS Kesehatan Buka Suara soal Viral Pasien Tak Dirawat di IGD karena Kista











                Geramnya PERSI pada Rumah Sakit yang Curangi Klaim BPJS            






















                            Geramnya PERSI pada Rumah Sakit yang Curangi Klaim BPJS                        








(naf/naf)


bpjs bpjs kesehatan viral"
"Dampak Revenge Porn Seperti Dialami Anak Musisi, Bisa Sefatal Ini                ",https://health.detik.com/berita-detikhealth/d-7488064/dampak-revenge-porn-seperti-dialami-anak-musisi-bisa-sefatal-ini,"Jakarta - Beberapa waktu lalu media sosial dihebohkan oleh kemunculan sebuah video syur seorang anak musisi, berinisial AD. Setelah ditelusuri pihak kepolisian, terungkap mantan kekasih AD, berinisial AP (27) yang menyebarkan video tersebut.Hasil penelusuran kepolisian mengungkapkan rupanya AP merasa sakit hati setelah diputuskan oleh AD. Diketahui video tersebut direkam oleh AP pada Desember tahun 2022.Psikolog klinis Anastasia Sari Dewi menjelaskan apa yang dilakukan oleh pelaku memang berkaitan dengan revenge porn. Secara umum aksi revenge porn biasanya dilakukan dengan tujuan balas dendam karena pelaku merasa disakiti atau dikecewakan oleh korban.


ADVERTISEMENT
















SCROLL TO CONTINUE WITH CONTENT

""Ya jadi itu memang bisa dikaitkan dengan revenge porn. Itu adalah aksi atau kondisi ketika orang menyebarluaskan konten asusila atau pornografi dari korbannya ke khalayak ramai dengan tujuan untuk membalaskan sakit hati yang dia miliki,"" kata Sari ketika dihubungi oleh detikcom, Selasa (13/8/2024).Sari lebih lanjut menjelaskan revenge porn bisa memberikan efek buruk pada korban, khususnya pada kondisi psikologis. Secara umum, revenge porn dapat mengakibatkan masalah kecemasan hingga paranoid pada korban. Baca juga: Latah Sebar 'Link' Video Syur Anak David Bayu, Psikolog Ingatkan 'Sensasi Palsu'Apabila korban pada dasarnya memiliki kondisi mental yang kurang baik, bukan tidak mungkin aksi tersebut juga bisa mengakibatkan depresi pada korban yang mengalaminya.""Gangguan lain yang sifatnya psikotik, misalnya halusinasi itu juga bisa. Tergantung dari level keparahan dari kondisi mental masing-masing korban. Tapi turunannya itu semua dari trauma itu ya sudah pasti,"" sambungnya.Secara umum, berikut ini adalah sederet faktor yang mungkin menyebabkan seseorang nekat melakukan revenge porn:- Merasa sakit hati karena perlakuan korban.- Marah karena apa yang diinginkan dari korban tidak didapatkan.- Ingin 'menghukum' korban dan memberikan sanksi sosial agar nama baik korban menjadi rusak.- Ingin mendapatkan keuntungan lain, misalnya seperti uang dari korban.Baca juga: Belajar dari David Bayu, Sepenting Ini Sosok Ayah Dampingi Putri saat Hadapi Masalah











                Catat! Ini Cara Mencegah Kulit Kering            






















                            Catat! Ini Cara Mencegah Kulit Kering                        








(avk/naf)


revenge porn revenge porn adalah dampak revenge porn video syur anak musisi"
"Ramai soal Kumis Kucing Manjur Obati Diabetes, BPOM RI Bilang Gini                ",https://health.detik.com/berita-detikhealth/d-7488056/ramai-soal-kumis-kucing-manjur-obati-diabetes-bpom-ri-bilang-gini,"Jakarta - Tanaman kumis kucing mendadak viral di media sosial pasca heboh kasus pria di Semarang mengonsumsi daging kucing dengan dalih mengobati diabetes. Netizen dibuat heran lantaran selama ini anggapan khasiat pemanfaatan herba untuk diabetes adalah tanaman kumis kucing, bukan mengonsumsi daging kucing.Badan Pengawas Obat dan Makanan (BPOM RI) buka suara. Tanaman kumis kucing atau orthosiphon aristatus dikenal sebagai salah satu obat tradisional yang dipercaya memiliki segudang manfaat. Salah satu manfaat yang konon dimiliki oleh tanaman ini adalah untuk penyakit diabetes.Sudah banyak produk obat herbal dengan kandungan tanaman kumis kucing yang memang mengantongi izin sebagai alternatif pengobatan sejumlah penyakit termasuk diabetes.


ADVERTISEMENT
















SCROLL TO CONTINUE WITH CONTENT

Deputi Bidang Pengawasan Obat Tradisional, Suplemen Kesehatan, Kosmetik BPOM RI Mohammad Kashuri, SSi, Apt, MFarm menjelaskan berdasarkan bukti empiris, tanaman ini juga memiliki manfaat lain seperti mengatasi gangguan saluran kemih, memperlancar buang air kecil, hingga masalah batu ginjal.""Tanaman kumis kucing itu sudah banyak pada obat tradisional yang mengandung kumis kucing. Sudah banyak sediaan bahan alam tersebut yang sudah memiliki izin edar dari Badan POM,"" kata Kashuri ketika ditemui awak media di Kantor BPOM, Senin (12/8/2024). Menurut Kashuri, obat herbal tanaman kumis kucing boleh-boleh saja dikonsumsi oleh pasien diabetes. Namun, ia mengingatkan ada baiknya masyarakat tetap berkonsultasi terlebih dahulu pada dokter yang dipercaya.Baca juga: Penting! Ini Dosis dan Aturan Mengonsumsi Kumis Kucing untuk Atasi DiabetesDirinya berpesan, jangan sampai obat atau suplemen herbal yang dikonsumsi justru menghambat proses perawatan diabetes atau kondisi kesehatan lainnya. Pengobatan konvensional dalam banyak kasus masih diperlukan oleh pasien diabetes.""Jadi kembali lagi pada diri sendiri ya, diagnosanya itu harus benar, jadi memang harus konsultasi ke dokter terlebih dahulu. Selain itu pastikan kalau mau beli (obat herbal kumis kucing) harus ada izin edarnya, beli di tempat yang resmi, cek labelnya,"" tandasnya.Pada kesempatan terpisah, Ketua Umum Perkumpulan Dokter Pengembang Obat Tradisional dan Jamu Indonesia (PDPOTJI) dr Inggrid Tania, MSi mengatakan tanaman kumis kucing memang dapat membantu mengontrol diabetes, tetapi tidak untuk menyembuhkan kondisi pasien secara total.dr Inggrid menuturkan tanaman tersebut dapat digunakan oleh orang dengan kondisi diabetes yang masih 'ringan' atau prediabetes.""Karena kalau sudah diabetes sebetulnya dia tidak mungkin sembuh 100 persen, tapi dia bisa terkontrol diabetesnya, dalam arti gula darahnya bisa dijaga supaya nggak tinggi, bisa dikontrol supaya nggak cepat komplikasi,"" ujarnya kepada detikcom belum lama ini.Baca juga: Ini Penyebab Gula Darah 'Anjlok' Setelah Bercinta dan Cara Mengatasinya











                Khasiat Kumis Kucing hingga Temulawak untuk Atasi Diabetes            






















                            Khasiat Kumis Kucing hingga Temulawak untuk Atasi Diabetes                        








(avk/naf)


diabetes prediabetes kumis kucing bpom"
"5 Makanan Pemicu Kolesterol Tinggi, Wajib Dibatasi Konsumsinya                ",https://health.detik.com/berita-detikhealth/d-7487916/5-makanan-pemicu-kolesterol-tinggi-wajib-dibatasi-konsumsinya,"Daftar Isi




							1. Daging Merah						



							2. Makanan yang Digoreng						



							3. Olahan Daging						



							4.Â Produk Olahan Susu Tinggi Lemak						



							5. Kue Kering dan Keik						






Jakarta - Kolesterol tinggi dapat disebabkan oleh berbagai macam faktor, salah satunya makanan yang dikonsumsi sehari-hari. Lantas, apa saja makanan pemicu kolesterol tinggi tersebut?Kolesterol merupakan senyawa berlemak yang ada di dalam tubuh. Dikutip dari Heart.org, sebenarnya tidak ada kolesterol 'jahat' selama kadarnya selalu terjaga. Bagaimanapun, kolesterol dibutuhkan dalam pembentukan sel, vitamin, dan berbagai hormon di dalam tubuh.Ada dua jenis kolesterol yang kerap diperbincangkan. Pertama adalah High Density Lipoprotein (HDL), atau orang awam menyebutnya 'kolesterol baik'. Kedua, Low Density Lipoprotein (LDL) atau disebut 'kolesterol jahat' karena berkontribusi dalam pembentukan plak di pembuluh darah ketika kadarnya terlalu tinggi.


ADVERTISEMENT
















SCROLL TO CONTINUE WITH CONTENT

Beberapa penyakit yang dikaitkan dengan peningkatan kadar 'kolesterol jahat' antara lain hipertensi, obesitas, serangan jantung, dan stroke.Nah, salah satu penyumbang kolesterol naik di dalam tubuh adalah makanan. Makanan pemicu kolesterol naik ini pun biasanya sering kita temukan dan konsumsi sehari-hari. Apa saja makanan pemicu kolesterol tinggi tersebut? Dikutip dari Cleveland Clinic dan Harvard Health, berikut jenis makanan yang dapat menyebabkan kadar kolesterol meroket.Baca juga: 8 Makanan yang Perlu Dihindari bagi Pengidap Kolesterol Tinggi, Apa Saja?1. Daging MerahJika berbicara soal makanan pemicu kolesterol, daging merah pasti menjadi salah satu yang termasuk. Daging merah, seperti daging sapi, domba, kambing, dan babi umumnya memiliki kandungan lemak jenuh dan kolesterol yang sangat tinggi.Kendati demikian, bukan berarti seseorang harus benar-benar menghindari konsumsi daging merah. Pilihlah potongan daging yang memiliki kandungan lemak lebih rendah, seperti sirloin, tenderloin, filet, atau flank (daging bagian perut sapi).2. Makanan yang DigorengSudah bukan rahasia lagi kalau makanan yang digoreng merupakan salah satu pemicu kolesterol tinggi.Makanan-makanan ini biasanya dimasak secara deep fried menggunakan minyak yang tinggi akan kolesterol dan lemak jenuh. Tak hanya itu, proses menggoreng seperti ini juga dapat meningkatkan kepadatan kalori dari makanan tersebut.Jika memang ingin makan gorengan, sebaiknya gunakan air fryer atau ganti minyak goreng dengan alternatif yang lebih sehat, seperti minyak zaitun.3. Olahan DagingAneka olahan daging, seperti hot dog, sosis, dan daging asap adalah makanan yang harus dibatasi jika tidak ingin kadar kolesterol 'meroket'. Makanan dari olahan daging ini cenderung mengandung kolesterol, lemak jenuh, dan garam yang tinggi. Bahkan, sosis dan hot dogs umumnya dibuat dari potongan daging sapi yang paling berlemak.Sebagai alternatif, pilihlah olahan daging yang terbuat dari daging kalkun rendah lemak atau ayam.4. Produk Olahan Susu Tinggi LemakWhole milk, susu utuh atau kerap disebut susu full cream, memiliki lemak jenuh yang tinggi. Demikian juga mentega, yoghurt, dan keju yang dibuat dari jenis susu tersebut. Selain tinggi lemak, juga tinggi sodium yang berdampak bagi kesehatan kardiovaskular.Jika memiliki masalah dengan kolesterol sebaiknya batasi asupan jenis susu ini, dan pilih susu skim yang lebih rendah lemak.5. Kue Kering dan KeikKue kering dan keik tidak hanya mengandung gula, tapi juga kolesterol tinggi. Kandungan kolesterol ini berasal dari mentega yang digunakan dalam pembuatan makanan tersebut.Selain itu, kandungan gula pada kue kering dan keik dapat memicu peningkatan kadar trigliserida dalam darah. Trigliserida tinggi merupakan salah satu faktor penyakit jantung koroner.Baca juga: 9 Makanan Ini Bisa Bantu Turunkan Kolesterol Tinggi Lho











                Kata IDAI soal Makan Bergizi Gratis: Rp 7.500 Bisa Buat 3 Butir Telur            






















                            Kata IDAI soal Makan Bergizi Gratis: Rp 7.500 Bisa Buat 3 Butir Telur                        








(ath/kna)


makanan kolesterol makanan berkolesterol tinggi"
"Pakar Soroti Usia Pasien Kanker Makin Muda, Kebanyakan Dipicu Hal Sepele Ini                ",https://health.detik.com/berita-detikhealth/d-7487850/pakar-soroti-usia-pasien-kanker-makin-muda-kebanyakan-dipicu-hal-sepele-ini,"Jakarta - Ketua Umum Yayasan Kanker Indonesia (YKI) Prof Dr dr Aru W Sudoyo, SpPD-KHOM menyebut tren temuan kasus kanker baru di nyaris seluruh dunia termasuk Indonesia, semakin muda. Meski perkembangan sel kanker umumnya terjadi pada rentang 40 tahun ke atas, banyak gaya hidup tak sehat yang kerap diabaikan sebagai faktor risiko.""Di Indonesia maupun Amerika semakin muda, semakin jelek lingkungannya,"" kata dr Aru saat ditemui di Jakarta Pusat, Selasa (13/8/2024).Misalnya, faktor risiko kanker dari makanan, angkanya relatif cukup besar yakni 30 persen. Pewarna pada makanan menjadi zat karsinogenik, banyak ditemui pada jajanan maupun makanan sehari-hari.


ADVERTISEMENT
















SCROLL TO CONTINUE WITH CONTENT

""Makanan menempati posisi 35 persen, ada zat pengawet misalnya di saus tomat, atau saus lain. Lalu misalnya kerupuk, saat digoreng itu dia warnanya tidak pudar, masih pekat, itu harus hati-hati,"" saran dia saat ditemui di Gedung Yayasan Kanker Indonesia (YKI), Selasa (13/8/2024).Baca juga: Duh, Kanker Lebih Banyak 'Serang' Gen X-Milenial Ketimbang Boomer! Ini Risetnya70 Persen Kanker Ditemukan saat Stadium Lanjut Prof Aru merinci, lebih dari 70 persen kasus kanker terlambat ditangani. Pasalnya, mereka datang dalam kondisi stadium lanjut saat peluang kesembuhan sudah di bawah 30 persen.Ia menyayangkan banyak masyarakat yang belum menyadari pentingnya melakukan skrining, minimal satu tahun sekali. Terlebih, jika mengeluhkan gejala.Masyarakat diimbau untuk melakukan skrining, minimal di puskesmas yang bisa dilakukan secara gratis satu tahun sekali. Terutama jika sudah berada di rentang usia 40 tahun.Namun, bagi mereka dengan riwayat genetik kanker, disarankan untuk melakukan skrining lebih dini.""Banyak kanker yang akhirnya terlambat diperiksa, bila fokus di kuratif, pengeluaran biayanya tentu lebih banyak. Karenanya, lebih penting jangan sampai terlambat ditangani, dengan melakukan skrining,"" pungkasnya.Baca juga: Soal Kanker Rektum yang Diidap Aktor Otig Pakis Sebelum Meninggal











                Perjuangan Pasien Kanker di Gaza            






















                            Perjuangan Pasien Kanker di Gaza                        








(naf/kna)


kanker pasien kanker usia muda kasus kanker"
"Kata Psikolog soal Revenge Porn, Terkait Video Anak Musisi Disebar Mantan                ",https://health.detik.com/berita-detikhealth/d-7487698/kata-psikolog-soal-revenge-porn-terkait-video-anak-musisi-disebar-mantan,"Jakarta - Belum lama ini heboh kasus video syur anak musisi, AD di media sosial. Pelaku penyebaran video tersebut terungkap adalah mantan kekasihnya sendiri yang berinisial AP (27).Terungkap dari pemeriksaan kepolisian bahwa AP merasa sakit hati setelah hubungannya kandas bersama AD. Situasi yang dialami oleh AD dikaitkan dengan revenge porn.""Motif tersangka menyebarkan adalah karena tersangka sakit hati setelah diputuskan sebagai kekasih oleh saksi AD,"" Dirkrimsus Polda Metro Jaya Kombes Ade Safri Simanjuntak.


ADVERTISEMENT
















SCROLL TO CONTINUE WITH CONTENT

Terlepas dari kejadian yang dialami oleh AD, psikolog klinis Anastasia Sari Dewi menjelaskan revenge porn merupakan sebuah aksi menyebarluaskan konten porno dari korban ke khalayak ramai. Sari menuturkan bahwa secara umum aksi ini memang didasari rasa dendam atau sakit hati dari pelakunya.Baca juga: Muncul Tren 'Panti Jompo' Khusus Anak Muda di China, Isinya Pemuda Capek Kerja""Tujuannya bisa untuk mendapatkan kembali korban untuk menjadi pasangan lagi atau mungkin untuk mempermalukan korbannya karena pernah melakukan kesalahan pada pelaku,"" kata Sari ketika dihubungi oleh detikcom, Selasa (13/8/2024). Selain karena merasa sakit hati, Sari menjelaskan terdapat beberapa faktor lain yang mungkin membuat seseorang nekat melakukan revenge porn. Beberapa di antaranya adalah karena pelaku merasa tidak mendapat apa yang diinginkan dari korban, hingga sebagai bentuk 'hukuman' untuk korban.Ia merasa sanksi sosial atau merusak nama baik korban bisa menjadi salah satu cara untuk membalaskan dendam tersebut.""Bisa jadi juga mengancam atau intimidasi dengan konten tersebut untuk mendapatkan keuntungan lain. Nggak mesti balikan dengan pasangan, entah bisa jadi uang atau sebagainya. Cuma awalnya memang sakit hati itu,"" tandasnya.Baca juga: Ternyata Konsumsi Makanan Ini Bisa Bikin Panjang Umur hingga 100 Tahun











                Cara Bangkit dari Kesedihan yang Mendalam            






















                            Cara Bangkit dari Kesedihan yang Mendalam                        








(avk/kna)


psikolog revenge porn anak artis"
Jokowi Singgung Kualitas Udara di IKN Lebih Sehat dari Singapura                ,https://health.detik.com/berita-detikhealth/d-7487568/jokowi-singgung-kualitas-udara-di-ikn-lebih-sehat-dari-singapura,"Jakarta - Presiden Joko Widodo mengklaim kualitas udara di Ibu Kota Nusantara (IKN) sangat baik, bahkan bila dibandingkan dengan negara tetangga Singapura. Hal ini mengacu catatan air quality index (AQI) atau indeks kualitas udara, yakni pengukuran konsentrasi polutan dalam polusi udara dan risiko kesehatan terkait.""Kemarin pagi saya cek di IKN berapa air quality indeksnya, 6, hanya 6. Padahal kendaraan belum listrik, kalau kendaraannya listrik mungkin menjadi 0,"" klaim Jokowi dalam konferensi pers yang disiarkan di YouTube, Selasa (13/8/2024).""Kemarin kita cek Singapura 53, maksimal itu 50. Daerah yang baik dan sehat itu maksimal 50.""


ADVERTISEMENT
















SCROLL TO CONTINUE WITH CONTENT

Tren tersebut menurutnya berbeda dengan kota-kota besar di Jawa yang rata-rata mencatat AQI di atas angka 100. Hal ini menurutnya relatif berbahaya bagi saluran pernapasan.Banyak yang kemudian mengalami infeksi saluran pernapasan akut (ISPA). Kelompok yang rentan terkena adalah usia anak. Baca juga: Fakta-fakta Aturan Jokowi Sediakan Alat Kontrasepsi Bagi Remaja, Ternyata Untuk Ini""Ini yang harus juga dicermati oleh bupati, walikota gubernur, dan untuk menangani itu juga membutuhkan uang yang tidak sedikit.""""Menkes menyampaikan kepada saya karena udara yang tidak baik sehingga ISPA di Jabodetabek menghabiskan hampir Rp 10 triliun. Uang yang tidak sedikit kita pakai untuk menangani kesehatan karena adanya penyakit pernapasan yang kita dapat dari polusi udara yang terjadi di sebuah kota,"" terangnya.Jokowi kemudian menekankan pentingnya peralihan transportasi massal menjadi berbasis energi hijau, hingga listrik. Ia mencontohkan ketersediaan transportasi umum seperti MRT, LRT, dan kereta cepat yang dinilai ramah lingkungan, utamanya mencegah peningkatan polusi udara.""Jakarta sekarang sudah ada MRT, LRT, kereta cepat semuanya untuk mengurangi tapi juga masih kira-kira air quality index jakarta di 190-200 padahal maksimal hanya 50. Hati-hati, kota-kota yang sudah mulai macet, mulai padat, yang berkaitan dengan polusi. Larinya nanti utamanya yang anak-anak yang masih bayi di penyakit pernapasan,"" pesan dia.Baca juga: Duh! Paparan Polusi Udara Ternyata Bisa Tingkatkan Risiko Kanker Paru











                Kasus Flu Singapura di RI Naik, Ini yang Perlu Kamu Tahu!            






















                            Kasus Flu Singapura di RI Naik, Ini yang Perlu Kamu Tahu!                        








(naf/kna)


singapura jokowi joko widodo indonesia kualitas udara"
"Heboh 'Panti Jompo' Khusus Anak Muda di China, Jadi Pelarian dari Stres Kerja                ",https://health.detik.com/berita-detikhealth/d-7487435/heboh-panti-jompo-khusus-anak-muda-di-china-jadi-pelarian-dari-stres-kerja,"Jakarta - Panti jompo biasanya identik dengan orang tua atau yang sudah berusia lanjut. Namun di China, ada panti jompo yang khusus dibangun untuk anak-anak muda.Bahkan, panti jompo untuk anak muda ini menjadi tren yang menjamur dalam beberapa tahun terakhir. Analis berpendapat tren ini disebabkan oleh perekonomian yang lesu dan tingginya kompetisi di dunia kerja.Akibatnya, banyak anak muda yang merasa lelah dengan pekerjaan mereka dan memilih untuk hidup lebih santai, salah satunya dengan masuk panti jompo khusus anak muda.


ADVERTISEMENT
















SCROLL TO CONTINUE WITH CONTENT

Kendati demikian, setiap panti jompo ternyata punya kriteria tertentu dalam memilih pelanggan. Salah satunya panti jompo anak muda di provinsi Yunnan, China.Lu Baike, pimpinan fasilitas tersebut mengatakan pihaknya tidak menerima seseorang yang berusia lebih dari 45 tahun. Sebab, orang-orang tersebut cenderung enggan bersosialisasi dengan yang lain. ""Mereka (yang berusia lebih dari 45) tidak terlalu sering bersosialisasi, dan banyak dari mereka hanya tinggal beberapa hari kemudian kembali ke keluarga dan tanggung jawab mereka. Ini tidak sesuai dengan tujuan datang ke sini,"" ujarnya dikutip dari CNA, Selasa (13/8/2024).Baca juga: Muncul Tren 'Panti Jompo' Khusus Anak Muda di China, Isinya Pemuda Capek KerjaSelain itu, fasilitasnya juga tidak menerima orang yang belum pernah bekerja sehari pun sejak tamat sekolah dan hanya ingin berbaring saja. Pasalnya, pola pikir seperti itu tidak sejalan dengan nilai-nilai masyarakat.Tak hanya di Yunnan, panti jompo serupa juga sudah bermunculan di seluruh China. Hal ini menunjukkan tingginya permintaan akan fasilitas tersebut.Meskipun begitu, kehadiran panti jompo anak muda ini menuai kritik dari generasi tua.""Mengapa orang muda ingin 'pensiun' begitu cepat? Itu adalah bentuk pengabaian terhadap tugas yang seharusnya dilakukan,"" tulis salah satu pengguna di Weibo, platform media sosial China.""Sulit untuk membayangkan bagaimana masyarakat dapat maju jika pola pikir ini dianut oleh semua anak muda,"" tulis pengguna lain.Baca juga: Perusahaan China Diduga 'Curi' Lebih dari 4 Ribu Mayat untuk Cangkok Tulang-Gigi











                Dokter Duga Ini Penyebab Ratu Mukbang China Meninggal             






















                            Dokter Duga Ini Penyebab Ratu Mukbang China Meninggal                         








(ath/kna)


panti jompo anak muda china pekerja"
"Remaja Pria Cacat Mental di China Ditipu Klinik, Diminta Operasi Perbesar Payudara                ",https://health.detik.com/true-story/d-7487331/remaja-pria-cacat-mental-di-china-ditipu-klinik-diminta-operasi-perbesar-payudara,"Jakarta - Seorang remaja laki-laki berusia 19 tahun yang mengalami cacat mental di China ditipu sebuah klinik kecantikan untuk menjalani operasi payudara. Klinik mengiming-imingi remaja itu dengan pendapatan yang lebih banyak apabila ia melakukan live streaming yang sedang ngetren.Ibu remaja tersebut, bermarga Lu dari Wuhan mengatakan prosedur tersebut dilakukan pada 28 Juli. Hingga saat ini, Lu mengaku syok dengan apa yang dialami oleh putranya itu.""Ketika keluarga kami mendengar hal ini, kami benar-benar terkejut. Rasanya seperti langit runtuh. Dia baru berusia 19 tahun,"" ucap Lu dikutip dari SCMP, Selasa (13/8/2024).


ADVERTISEMENT
















SCROLL TO CONTINUE WITH CONTENT

Lu menuturkan bahwa saat itu putranya sedang mencari pekerjaan di klinik. Bukannya mendapatkan pekerjaan, remaja tersebut justru diberitahu oleh staf bahwa operasi pembesaran payudara bisa membuat pendapatannya bertambah dari live streaming.Sang ibu juga menemukan percakapan anaknya itu dengan staf klinik melalui pesan chat. Putranya saat itu sempat ditawari gaji sebesar 3 ribu yuan (Rp 6,6 juta) per bulan. Namun, untuk mendapatkan pekerjaan itu staf mengatakan bahwa remaja tersebut harus menjalani operasi payudara terlebih dahulu. Setelah pulih dari operasi, nantinya remaja tersebut diperbolehkan bekerja.Lu mengatakan anaknya sempat khawatir dengan prosedur yang biasanya dilakukan oleh wanita. Namun, staf klinik terus membujuk dengan cara mengatakan biaya operasi nantinya juga bisa dicicil melalui pinjaman dengan penghasilan dari live streaming.""Kami memiliki banyak penyiar langsung yang menjalani operasi kosmetik di sini dan menghasilkan banyak uang. Beberapa platform memungkinkan penarikan dalam seminggu, dan lainnya bahkan bisa harian,"" bujuk staf klinik kecantikan itu.Baca juga: Misteri Mumi 'Screaming Women' Terpecahkan, Kisah Kematiannya Bikin MerindingRemaja yang memiliki masalah kapasitas mental tersebut akhirnya berhasil mengambil pinjaman sekitar 30 ribu yuan (Rp 66,4 juta) dengan tambahan sekitar 7 ribu yuan (15,5 juta) untuk biaya operasi.Melihat apa yang dilakukan klinik tersebut membuat hati Lu begitu hancur. Setelah melakukan negosiasi berulang kali, implan tersebut akhirnya dicabut. Lu mengatakan anaknya mengalami trauma lagi akibat hal tersebut.""Operasi itu membuat dada anak saya menjadi B-cup dengan dua bekas luka panjang di bawahnya. Melihat bekas luka itu membuat hati saya hancur,"" cerita Lu.Lu membagikan laporan medis dari putranya yang mengalami kecacatan intelektual. Anaknya itu memiliki kapasitas mental seperti anak berusia 5 tahun dan juga masalah mental lain seperti depresi, kecemasan, dan gangguan tidur.Seorang pengacara dari Hubei Today Law Firm, Hu Junjie mengatakan bahwa orang yang tidak memiliki kapasitas untuk berperilaku sipil harus memiliki wali untuk menandatangani prosedur tersebut. Oleh karena itu, jika terbukti ada pelanggaran maka uang tersebut harus dikembalikan.""Pertama, uang tersebut harus dikembalikan. Kedua, jika ada kerugian yang ditimbulkan, maka kompensasi harus diberikan,"" kata Junjie.Baca juga: Nasib Wanita di AS Punya Lebih dari 100 Alergi, Cuma Bisa Konsumsi 13 Jenis Makanan











                Aksi Heroik Perawat Lindungi Bayi saat Taiwan Diguncang Gempa             






















                            Aksi Heroik Perawat Lindungi Bayi saat Taiwan Diguncang Gempa                         








(avk/kna)


viral kisah nyata operasi payudara cacat mental"
Pakar Sebut Label Bebas BPA di AMDK untuk Lindungi Kesehatan Masyarakat                ,https://health.detik.com/berita-detikhealth/d-7487281/pakar-sebut-label-bebas-bpa-di-amdk-untuk-lindungi-kesehatan-masyarakat,"Jakarta - Pakar Kebijakan Publik Riant Dr. Riant Nugroho menilai masyarakat maupun industri seharusnya mendukung regulasi Badan Pengawas Obat dan Makanan (BPOM) yang mewajibkan pelabelan Bisphenol A (BPA) pada air kemasan galon isi ulang. Menurutnya tujuan diterbitkannya Peraturan BPOM Nomor 6 Tahun 2024 adalah untuk melindungi masyarakat dari dampak paparan zat kimia BPA yang terindikasi dapat memicu gangguan kesehatan.""Kebijakan (kemasan) bebas BPA ini sebenarnya sudah menjadi isu internasional dan bahkan penggunaan BPA telah dilarang di berbagai negara,"" kata Riant dalam keterangan tertulis, Senin (12/8/2024).Dia mengatakan Indonesia berusaha mengadopsi kebijakan serupa, namun tidak sampai melarang. BPOM, kata Riant, mencoba untuk mengadopsi pelabelan bebas BPA atau Berpotensi Mengandung BPA pada AMDK untuk mengedukasi masyarakat agar lebih waspada terhadap potensi bahaya BPA.


ADVERTISEMENT
















SCROLL TO CONTINUE WITH CONTENT

Diketahui BPOM mengeluarkan Peraturan BPOM Nomor 6 Tahun 2024 tentang Perubahan Kedua atas Peraturan Badan Pengawas Obat dan Makanan Nomor 31 Tahun 2018 tentang Label Pangan Olahan pada 5 April 2024. Pada Pasal 48a mengatur kewajiban pencantuman label cara penyimpanan air minum kemasan, sementara Pasal 61A mewajibkan pencantuman label peringatan risiko BPA pada semua galon air minum bermerek yang menggunakan kemasan polikarbonat.Baca juga: BPOM: Penelitian Tunjukkan Risiko Paparan BPA pada Galon Guna UlangPada 2028, produsen wajib menerapkan peringatan dalam kondisi tertentu, kemasan polikarbonat dapat melepaskan BPA pada air minum dalam kemasan. Ia pun menyoroti polemik yang timbul dengan kehadiran regulasi tersebut. Dia juga menyoroti sejumlah pihak yang mencoba membenturkan pelabelan 'bebas BPA' dengan isu lingkungan. Menurutnya hal itu tidak pada tempatnya.""Isu sustainability tentu sangat penting, untuk kemasan non-BPA kan memang biasanya sekali pakai. Ya tinggal bagaimana memperkuat pengelolaan kemasan bekasnya. Sedangkan untuk BPA terkait dengan hak kesehatan masyarakat,"" jelasnya.Karena itu, ketua Masyarakat Kebijakan Publik Indonesia (MAKPI) ini meminta agar semua pihak tidak lagi mempersoalkan kebijakan BPOM yang ditujukan untuk memastikan produk aman dikonsumsi masyarakat. Termasuk produsen salah satu AMDK yang mestinya juga mendukung kebijakan ini dan tidak resisten.""Apalagi perusahaan AMDK itu di negara asalnya patuh untuk tidak menggunakan kemasan mengandung BPA, kenapa di Indonesia tidak mau patuh? Mestinya comply dengan aturan di sini dan juga negara asalnya, sesuai dengan standar keselamatan dan kesehatan masyarakat,"" ujar Riant.""Produsen tidak bisa menjamin produknya tidak kepanasan dan terpapar sinar matahari langsung. Inilah yang menyebabkan peluruhan senyawa kimiawi BPA terhadap isi produknya melampaui ambang batas aman,"" ujarnya.Sementara itu, Pelaksana Tugas Deputi Bidang Pengawasan Pangan Olahan BPOM, Ema Setyawati menyatakan bahwa pelabelan BPA bertujuan untuk memberikan informasi yang jelas kepada konsumen mengenai kandungan dalam AMDK.""Peraturan ini adalah bentuk komitmen BPOM dalam melindungi kesehatan masyarakat melalui regulasi yang berdasarkan pada perkembangan terkini di bidang ilmu pengetahuan dan teknologi,"" ujarnya.Baca juga: Perlu Tahu, Ini yang Terjadi ketika Paparan BPA Masuk ke TubuhDalam acara Sarasehan Upaya Perlindungan Kesehatan Masyarakat melalui Regulasi Pelabelan Bisfenol A (BPA) pada Air Minum Dalam Kemasan (AMDK), BPOM memaparkan hasil pengawasan kemasan galon yang dilakukan pada kurun 2021-2022. Baik dari sarana produksi maupun peredaran, BPOM menemukan 3.4% sampel AMDK yang beredar di Indonesia tidak memenuhi syarat batas maksimal migrasi BPA, yakni di atas 0.6 bpj.Tak hanya itu, 46.97% kemasan galon di sarana peredaran dan 30.91% di sarana produksi juga terdeteksi mengandung BPA dengan kadar yang mengkhawatirkan, yakni 0.05 - 0.6 bpj.Sementara itu, hasil pengawasan kandungan BPA terhadap produk AMDK menunjukkan bahwa 5% sampel galon baru di sarana produksi dan 8.67% di sarana peredaran terbukti mengandung BPA di atas 0.01 bpj alias berisiko terhadap kesehatan.Ema menegaskan kebijakan pelabelan BPA berlatar keinginan pemerintah melindungi kesehatan publik. Air galon dikonsumsi oleh seluruh kelompok usia dengan volume produksi per tahun mencapai 21 miliar liter dan total konsumen sebanyak 50,2 juta orang atau 18 persen dari populasi Indonesia tahun 2020.











                 BPOM Kini Wajibkan Pelabelan BPA di Air Kemasan Galon            






















                             BPOM Kini Wajibkan Pelabelan BPA di Air Kemasan Galon                        








(prf/ega)


bahaya bpa bpa label bebas bpa"
"Suhu Dingin 'Bediding' Landa RI Lagi, BMKG Ungkap Pemicunya                ",https://health.detik.com/berita-detikhealth/d-7487266/suhu-dingin-bediding-landa-ri-lagi-bmkg-ungkap-pemicunya,"Daftar Isi




							Sampai Kapan Cuaca Dingin di RI?						






Jakarta - Warganet kembali mengeluhkan suhu dingin di periode pertengahan Agustus, seperti yang terjadi di Juli 2024 lalu. Suhu minimum di Bandung bahkan beberapa kali berada di 15 derajat celsius.Tren yang tidak jauh berbeda juga dikeluhkan warganet domisili Kediri, Jawa Timur, dengan catatan suhu minimum 19 derajat celsius. Mengapa cuaca kembali dingin?Deputi Bidang Meteorologi Badan Meteorologi, Klimatologi, dan Geofisika (BMKG) Guswanto menyebut kemungkinan pemicunya masih sama seperti apa yang terjadi di Juli yakni angin monsun Australia.


ADVERTISEMENT
















SCROLL TO CONTINUE WITH CONTENT

""Angin Monsun Australia ini bersifat kering dan sedikit membawa uap air, apalagi pada malam hari di saat suhu mencapai titik minimumnya,"" jelas Guswanto kepada detikcom, Selasa (13/8/2024).""Akibatnya terjadi suhu udara di beberapa wilayah di Indonesia terutama wilayah bagian selatan Khatulistiwa, seperti Pulau Jawa, Bali, dan Nusa Tenggara terasa lebih dingin. Orang Jawa menyebutnya mbedhidhing,"" lanjut dia. Guswanto menyebut pada periode Juli sampai Agustus 2024 posisi sudut sinar matahari memang berada di jarak terjauh dari Indonesia, terlebih di wilayah Indonesia bagian selatan khatulistiwa. Tidak heran, suhu menjadi terasa begitu dingin.Terlebih, ada kurangnya tutupan awan di malam hari yang memicu rasias panas dari permukaan bumi menjadi langsung terpancar ke atmosfer dengan nihil hambatan.""Kondisi tersebut menyebabkan suhu di Bumi turun secara signifikan ditambah angin tenang ketika malam hari yang menghambat pencampuran udara sehingga udara dingin terperangkap di permukaan bumi.""Baca juga: Ini Wilayah Pulau Jawa yang Alami Suhu Dingin 'Bediding'Sampai Kapan Cuaca Dingin di RI?Suhu dingin diprediksi bisa berlanjut sampai September 2024. Pemantauan BMKG di Senin (12/8) menunjukkan rentang waktu suhu dingin mulai terjadi pukul 07:00 WIB.Pantauan di Minggu hingga Senin kemarin, suhu dingin tercatat di Nusa Tenggara Timur dan Kabupaten Manggarai. Data stasiun meteorologi frans sales lega, menunjukkan suhu minimum di kawasan tersebut bahkan berada di 11,4 derajat celsius.Sementara di Kabupaten Paniai, Papua mencapai 14,4 derajat Celsius menurut pengamatan Stasiun Meteorologi Enarotali.Baca juga: Penyakit yang Rentan Menyerang Anak di Tengah Udara Dingin 'Bediding'











                Antisipasi Lonjakan DBD, BMKG Kembangkan DBDKlim            






















                            Antisipasi Lonjakan DBD, BMKG Kembangkan DBDKlim                        








(naf/kna)


suhu dingin bediding bmkg cuaca dingin"
BPJS Kesehatan Buka Suara soal Viral Pasien Tak Dirawat di IGD karena Kista                ,https://health.detik.com/berita-detikhealth/d-7487022/bpjs-kesehatan-buka-suara-soal-viral-pasien-tak-dirawat-di-igd-karena-kista,"Daftar Isi




							Apa Kata BPJS Kesehatan?						






Jakarta - Viral suami pasien di IGD salah satu rumah sakit Bekasi emosi merasa diabaikan dokter dan petugas kesehatan setempat. Dalam video yang ramai beredar di media sosial, yang bersangkutan mengaku datang ke unit gawat darurat sebagai peserta BPJS Kesehatan.Perdebatan dirinya dengan dokter kemudian ramai menjadi sorotan warganet. Pasalnya, dokter yang berjaga di IGD sudah menjelaskan jika kriteria pasien tidak masuk dalam kondisi kegawatdaruratan berdasarkan hasil pemeriksaan awal.Namun, pendamping pasien tersebut menekankan bila istrinya sudah merasakan sakit tak tertahankan di perut akibat kista sehingga diperlukan penindakan cepat lebih lanjut.


ADVERTISEMENT
















SCROLL TO CONTINUE WITH CONTENT

""Jadi kista dengan terinfeksi bukan gawat darurat?"" tanya pria tersebut.""Bukan tidak mengancam nyawa. IGD menangani pasien gawat darurat, saya hanya menjelaskan regulasinya. Tadi tanda-tanda vitalnya tidak mengancam nyawa, tensinya bagus, nadinya bagus, saturasinya juga bagus. Ini saya mau ngasih obat bapaknya yang menolak,"" jawab dokter. Baca juga: Hampir 100 Persen! Kepesertaan BPJS Kesehatan Capai 276,5 Juta Jiwa per 1 AgustusApa Kata BPJS Kesehatan?Kepala Humas BPJS Kesehatan Rizzky Anugerah menjelaskan program jaminan kesehatan nasional (JKN) menjamin pelayanan berdasarkan indikasi medis sesuai pemeriksaan dokter. bila dokter menemukan gejala maupun indikasi penyakit pada pasien, seluruh pengobatan dipastikan terjamin penuh oleh BPJS Kesehatan.""Namun dalam prosesnya, perlu dipahami bahwa peserta bisa mendapatkan pelayanan di IGD apabila kondisi peserta termasuk gawat darurat. Kondisi gawat darurat tersebut mengacu pada Peraturan Menteri Kesehatan Nomor 47 Tahun 2018 tentang Pelayanan Kegawatdaruratan,"" sebut dia kepada detikcom Selasa (13/8/2024).Dalam hal ini, tenaga dokter yang berwenang menetapkan apakah pasien JKN termasuk kondisi dengan kegawatdaruratan. Bila dari hasil pemeriksaan tidak termasuk kriteria gawat darurat, pasien sebetulnya bisa tetap mengakses layanan di rumah sakit dengan satu syarat.""Dengan membawa surat rujukan dari Fasilitas Kesehatan Tingkat Pertama (FKTP),"" tegas Rizzky.Dirinya mengimbau bila pasien BPJS menemui keluhan maupun masalah dalam proses pelayanan, disarankan untuk bisa menghubungi melalui chat WhatsApp (PANDAWA) di nomor 08118165165, Aplikasi Mobile JKN, serta BPJS Kesehatan Care Center 165.Baca juga: Bos BPJS Kesehatan Beri Isyarat Iuran Kelas 1-2 Naik, Ini Alasannya











                Geramnya PERSI pada Rumah Sakit yang Curangi Klaim BPJS            






















                            Geramnya PERSI pada Rumah Sakit yang Curangi Klaim BPJS                        








(naf/kna)


bpjs kesehatan bpjs viral kista igd"
Serba-serbi Pendaftaran PPDS Hospital Based yang Baru Dibuka Kemenkes                ,https://health.detik.com/detiktv/d-7486999/serba-serbi-pendaftaran-ppds-hospital-based-yang-baru-dibuka-kemenkes,"Jakarta - Kemenkes buka pendaftaran program PPDS hospital based untuk memenuhi kebutuhan dan pemerataan dokter spesialis di daerah terpencil perbatasan kepulauan (DTPK). Ini yang perlu diketahui soal pendaftaran PPDS hospital based...


ADVERTISEMENT
















SCROLL TO CONTINUE WITH CONTENT


(/)


ppds hospital based pendaftaran ppds hospital based kemenkes"
"Muncul Tren 'Panti Jompo' Khusus Anak Muda di China, Isinya Pemuda Capek Kerja                ",https://health.detik.com/berita-detikhealth/d-7486969/muncul-tren-panti-jompo-khusus-anak-muda-di-china-isinya-pemuda-capek-kerja,"Jakarta - Muncul tren di China 'panti jompo' untuk anak muda dalam beberapa tahun terakhir. Analis berpendapat bahwa tren ini muncul akibat ekonomi lesu, pasar kerja yang sangat kompetitif, hingga biaya kebutuhan yang meningkat.Xiaofei (28) seorang pekerja digital lepas menjadi salah satu orang yang mendatangi 'panti jompo' untuk anak muda itu. Ia tinggal di Guanye Youth Retirement di Hebei yang juga menjadi tempat tinggal banyak anak muda pekerja yang mengalami kelelahan.""Saya bosan dengan lingkungan kompetitif di kota. Setelah merasakan tinggal di Guanye, saya merasa cukup nyaman, dan rasanya seperti kembali ke kampung halaman,"" ceritanya dikutip dari CNA, Selasa (13/8/2024).


ADVERTISEMENT
















SCROLL TO CONTINUE WITH CONTENT

Ia menggambarkan situasi yang sangat berbeda di 'panti jompo' tersebut bila dibandingkan dengan pusat kota Beijing yang sangat sibuk.""Lingkungannya juga membuat saya terkesan. Ada gunung dan sungai, dengan nuansa pedesaan yang kental, dan saya sangat menikmati alam,"" sambungnya. Baca juga: Wanita Lajang China Perjuangkan Hak Bekukan Sel Telurnya, Endingnya NgenesSeperti yang dilakukan Xiaofei, semakin banyak anak muda yang mencari tempat seperti itu. Menurut analis, hal ini mencerminkan kekecewaan generasi muda yang semakin besar pada sulitnya bersaing di dunia kerja hingga meningkatnya biaya hidup.Pendiri lembaga Young China Group Zak Dychtwald mengatakan bahwa munculnya rumah pensiun atau panti jompo untuk anak muda sudah menjadi gejala 'penyakit' yang lebih besar, yaitu kelesuan ekonomi dan pasar kerja.""Kita memiliki generasi muda yang mengintegrasikan realitas ekonomi baru ke dalam pandangan mereka,"" ucap Zac.Untuk bisa tinggal di fasilitas tersebut, mereka harus membayar sekitar 138 yuan (Rp 307 ribu) per hari atau 3.599 yuan (Rp 7,9 juta) per bulan. Mayoritas penyewa fasilitas itu berusia antara 20-40 tahun, termasuk pekerja lepas, profesional yang mengalami stagnasi karier, hingga orang yang sekedar penasaran.Menurut pimpinan dari fasilitas 'panti jompo' untuk anak muda tersebut, fasilitas yang mereka sediakan bertujuan untuk menunjukkan pencarian kedamaian batin dan gaya hidup tenang. Terlebih, kehidupan pelanggan fasilitas tersebut biasanya penuh dengan tekanan.Sebagian 'panti jompo' anak muda di China tidak menerima pelanggan untuk orang yang berusia lebih dari 45 tahun.Baca juga: Perusahaan China Diduga 'Curi' Lebih dari 4 Ribu Mayat untuk Cangkok Tulang-Gigi











                Dokter Duga Ini Penyebab Ratu Mukbang China Meninggal             






















                            Dokter Duga Ini Penyebab Ratu Mukbang China Meninggal                         








(avk/kna)


panti jompo anak muda china pekerja"
